id,first_name,last_name,email,gender,ip_address
1,Tobey,Dewhirst,tdewhirst0@wordpress.com,Female,6.178.24.6
2,Marge,Tryme,mtryme1@is.gd,Female,104.236.136.22
3,Sioux,Boorn,sboorn2@opensource.org,Female,195.14.138.200
4,Hollis,O'Deoran,hodeoran3@github.io,Male,36.186.198.20
5,Gerardo,Penticoot,gpenticoot4@gmpg.org,Male,30.199.53.59
6,Francisco,Blunderfield,fblunderfield5@skype.com,Male,250.134.180.52
7,Julie,Jarley,jjarley6@rambler.ru,Female,179.205.2.202
8,Nathalia,Cicchetto,ncicchetto7@addthis.com,Female,255.171.193.93
9,Casey,Comello,ccomello8@go.com,Male,82.188.236.245
10,Martyn,Kenvin,mkenvin9@examiner.com,Agender,234.218.118.161
11,Lucina,Delamar,ldelamara@mtv.com,Female,234.8.37.158
12,Jobi,Casarini,jcasarinib@plala.or.jp,Female,192.47.70.213
13,Auroora,Lowdyane,alowdyanec@nsw.gov.au,Female,169.152.169.7
14,Wally,Camber,wcamberd@w3.org,Male,83.81.62.62
15,Lutero,McLennan,lmclennane@studiopress.com,Male,158.171.50.159
16,Nigel,Beceril,nbecerilf@google.co.uk,Male,223.175.162.234
17,Paxon,Wilshaw,pwilshawg@thetimes.co.uk,Male,159.227.239.250
18,Antonie,Trillow,atrillowh@businesswire.com,Female,181.68.2.227
19,Saw,Malletratt,smalletratti@amazonaws.com,Male,166.155.202.239
20,Tiphani,Sainz,tsainzj@deviantart.com,Female,190.81.239.153
21,Lynde,Sitwell,lsitwellk@apple.com,Female,119.52.175.154
22,Padraig,Bog,pbogl@ebay.com,Male,188.21.101.66
23,Deeann,Canada,dcanadam@epa.gov,Female,66.20.30.76
24,Norman,Rhubottom,nrhubottomn@omniture.com,Male,153.152.84.16
25,Dennison,Skae,dskaeo@ebay.co.uk,Male,50.101.201.62
26,Sydel,Harrinson,sharrinsonp@technorati.com,Female,40.254.185.90
27,Becka,Lunam,blunamq@techcrunch.com,Female,30.27.24.162
28,Victoir,Lage,vlager@eventbrite.com,Male,175.116.151.215
29,Stacia,Burel,sburels@imageshack.us,Female,136.199.171.62
30,Jacky,Bassilashvili,jbassilashvilit@europa.eu,Female,194.172.185.99
31,Ira,Franseco,ifransecou@csmonitor.com,Female,91.2.139.42
32,Francklin,Feather,ffeatherv@buzzfeed.com,Male,145.10.104.212
33,Teddy,Keepence,tkeepencew@unblog.fr,Male,205.239.54.164
34,Vladimir,Esslement,vesslementx@diigo.com,Male,121.180.208.247
35,Troy,McElvine,tmcelviney@dyndns.org,Male,177.244.187.170
36,Sharlene,Scimone,sscimonez@google.com.br,Bigender,4.196.76.225
37,Briant,Adlam,badlam10@yolasite.com,Male,24.3.68.89
38,Glen,Bairstow,gbairstow11@disqus.com,Genderfluid,186.29.230.114
39,Amii,Garretson,agarretson12@plala.or.jp,Female,228.156.80.185
40,Lorin,Lethbury,llethbury13@jugem.jp,Male,190.253.76.190
41,Rodi,Girardy,rgirardy14@timesonline.co.uk,Female,225.74.240.178
42,Bevan,Villa,bvilla15@cornell.edu,Male,14.97.8.23
43,Gerry,Goozee,ggoozee16@cnet.com,Female,178.183.5.17
44,Atalanta,Costain,acostain17@cnbc.com,Female,79.88.109.163
45,Martynne,Creany,mcreany18@stanford.edu,Female,205.227.122.192
46,Sybila,Olley,solley19@clickbank.net,Female,228.65.78.50
47,Zoe,Ludovico,zludovico1a@latimes.com,Female,135.182.159.3
48,Lyell,Skerman,lskerman1b@tripod.com,Male,113.159.35.171
49,Sheffy,Hurkett,shurkett1c@bbb.org,Male,238.247.66.16
50,Zola,Sheaf,zsheaf1d@hostgator.com,Female,220.199.131.165
51,Emmalynne,Leverett,eleverett1e@howstuffworks.com,Female,202.97.235.245
52,Lea,Zeal,lzeal1f@marketwatch.com,Female,82.167.199.217
53,Wyndham,Gofton,wgofton1g@wp.com,Agender,116.249.189.12
54,Kaiser,Deere,kdeere1h@a8.net,Male,105.19.151.61
55,Lauren,Minget,lminget1i@quantcast.com,Male,201.207.60.37
56,Berri,Sammon,bsammon1j@jugem.jp,Female,55.125.29.143
57,Alexandre,Iskowitz,aiskowitz1k@umn.edu,Male,69.49.1.142
58,Lillian,Pilsbury,lpilsbury1l@redcross.org,Female,0.118.6.143
59,Pierette,Antonsen,pantonsen1m@blog.com,Female,201.114.116.141
60,Prue,Valentino,pvalentino1n@harvard.edu,Female,75.216.164.97
61,Ashbey,Iannetti,aiannetti1o@youku.com,Male,210.46.127.137
62,Melly,De La Hay,mdelahay1p@blog.com,Female,196.108.226.65
63,Rebekah,Bertolaccini,rbertolaccini1q@wired.com,Female,212.129.24.170
64,Anne-corinne,Flannigan,aflannigan1r@slate.com,Female,187.73.15.79
65,Ami,Fontelles,afontelles1s@icq.com,Female,105.238.162.2
66,Cazzie,Dradey,cdradey1t@goodreads.com,Male,248.95.117.103
67,Kali,Desborough,kdesborough1u@simplemachines.org,Female,238.27.58.135
68,Juliet,Dibbe,jdibbe1v@cbc.ca,Female,238.91.69.224
69,Reinald,Lidstone,rlidstone1w@mashable.com,Male,75.41.37.193
70,Ola,Verrillo,overrillo1x@prnewswire.com,Female,34.54.197.58
71,Ronnie,Ceyssen,rceyssen1y@vkontakte.ru,Male,117.202.158.128
72,Obadiah,Couronne,ocouronne1z@acquirethisname.com,Male,90.15.47.211
73,Marti,Vose,mvose20@storify.com,Female,120.163.245.187
74,Codi,Father,cfather21@ustream.tv,Male,176.69.64.64
75,Tanner,Redihough,tredihough22@tuttocitta.it,Male,220.214.169.127
76,Nikkie,Waterhouse,nwaterhouse23@cpanel.net,Female,94.51.193.0
77,Ingunna,Campaigne,icampaigne24@edublogs.org,Female,207.190.146.96
78,Alyse,Raubheim,araubheim25@harvard.edu,Female,25.20.222.134
79,Randie,Ancliff,rancliff26@dyndns.org,Male,24.156.47.21
80,Kacey,Heineken,kheineken27@intel.com,Female,35.178.234.116
81,Giffy,Muspratt,gmuspratt28@gmpg.org,Male,231.218.190.69
82,Malchy,O'Hanlon,mohanlon29@illinois.edu,Male,212.116.231.70
83,Trenna,Banfield,tbanfield2a@wix.com,Female,185.59.120.187
84,Ethe,Danneil,edanneil2b@blogtalkradio.com,Polygender,138.230.156.115
85,Hort,Hannum,hhannum2c@dedecms.com,Polygender,40.192.169.101
86,Lammond,Ponceford,lponceford2d@biglobe.ne.jp,Bigender,11.0.204.252
87,Gipsy,Trubshaw,gtrubshaw2e@state.tx.us,Female,248.177.150.243
88,Garnette,Munroe,gmunroe2f@homestead.com,Female,129.211.252.111
89,Haily,Ruddiforth,hruddiforth2g@123-reg.co.uk,Male,41.96.239.223
90,Rabi,Venour,rvenour2h@thetimes.co.uk,Male,107.187.45.101
91,Freddy,Stannis,fstannis2i@admin.ch,Male,208.73.247.168
92,Ofella,Melior,omelior2j@myspace.com,Genderfluid,74.70.218.236
93,Kaja,Basler,kbasler2k@bandcamp.com,Female,196.249.75.101
94,Tiena,Arnold,tarnold2l@usatoday.com,Female,63.215.206.2
95,Cory,Gerber,cgerber2m@posterous.com,Female,183.76.230.145
96,L;urette,Vennard,lvennard2n@wordpress.com,Female,196.94.10.163
97,Woody,Darte,wdarte2o@scientificamerican.com,Male,199.218.240.224
98,Hal,Buddell,hbuddell2p@4shared.com,Male,191.251.86.81
99,Albina,Metherell,ametherell2q@sciencedirect.com,Female,158.193.68.232
100,Paulie,Tembridge,ptembridge2r@illinois.edu,Female,56.118.155.113
101,Fiann,Morfett,fmorfett2s@huffingtonpost.com,Female,165.127.59.101
102,Magdalene,Gammill,mgammill2t@fda.gov,Female,226.135.122.63
103,Bridget,Hrachovec,bhrachovec2u@oaic.gov.au,Female,80.177.235.180
104,Allis,Guyonnet,aguyonnet2v@drupal.org,Female,100.41.240.33
105,Helen-elizabeth,Ritmeyer,hritmeyer2w@twitter.com,Genderfluid,32.252.89.194
106,Bondon,Commuzzo,bcommuzzo2x@i2i.jp,Genderqueer,71.86.93.45
107,Bentley,Malloy,bmalloy2y@webeden.co.uk,Male,74.58.208.10
108,Stefa,Locke,slocke2z@addthis.com,Female,211.248.252.102
109,Crissie,Stryde,cstryde30@soup.io,Genderfluid,224.169.126.90
110,Arvin,Robrose,arobrose31@fda.gov,Male,175.183.202.67
111,Lavinia,Gilyott,lgilyott32@jigsy.com,Female,76.143.9.100
112,Hilly,Thornborrow,hthornborrow33@elegantthemes.com,Male,116.228.212.77
113,Edith,Itzchaky,eitzchaky34@drupal.org,Female,159.211.222.71
114,Lane,Aspall,laspall35@cafepress.com,Male,109.72.178.25
115,Carolan,Carmo,ccarmo36@exblog.jp,Female,24.96.53.39
116,Brigid,McKibbin,bmckibbin37@dot.gov,Female,68.139.235.235
117,Desi,Tranfield,dtranfield38@i2i.jp,Male,93.216.107.252
118,Laureen,Delacourt,ldelacourt39@japanpost.jp,Female,28.62.13.52
119,Patrizia,Usmar,pusmar3a@ow.ly,Female,40.160.38.106
120,Jazmin,Moppett,jmoppett3b@istockphoto.com,Female,159.164.210.33
121,Tobin,Escalero,tescalero3c@go.com,Male,149.80.15.41
122,Susanna,Abrehart,sabrehart3d@1und1.de,Bigender,1.133.171.193
123,Rolfe,Rashleigh,rrashleigh3e@51.la,Male,83.62.83.27
124,Clare,Tuffley,ctuffley3f@webnode.com,Male,42.129.162.70
125,Cristin,Looby,clooby3g@bbb.org,Female,57.225.221.232
126,Goldie,Baumaier,gbaumaier3h@statcounter.com,Female,103.54.33.5
127,Blancha,Klaff,bklaff3i@europa.eu,Female,32.2.140.41
128,Liza,Sleite,lsleite3j@rakuten.co.jp,Female,109.216.89.5
129,Anjela,Timmes,atimmes3k@webnode.com,Female,201.50.183.177
130,Joletta,Dametti,jdametti3l@earthlink.net,Genderfluid,148.113.56.225
131,Anatole,Count,acount3m@zimbio.com,Male,21.84.240.7
132,Flori,De Mattei,fdemattei3n@cnbc.com,Female,88.249.228.252
133,Yoko,Cammidge,ycammidge3o@sfgate.com,Female,88.179.48.179
134,Courtney,Kite,ckite3p@gravatar.com,Female,65.88.103.162
135,Mohandis,Mapstone,mmapstone3q@mtv.com,Male,189.209.104.14
136,Alie,Hassur,ahassur3r@liveinternet.ru,Female,43.61.134.112
137,Aggy,McGillacoell,amcgillacoell3s@google.com,Female,187.80.50.243
138,Luke,Laffoley-Lane,llaffoleylane3t@ibm.com,Male,23.208.185.163
139,Winona,Shatford,wshatford3u@wufoo.com,Female,157.249.101.67
140,Jaye,Fripps,jfripps3v@wikipedia.org,Male,207.97.156.232
141,Helyn,Margrie,hmargrie3w@photobucket.com,Female,231.144.121.166
142,Corbett,Stelfox,cstelfox3x@bbc.co.uk,Male,168.164.104.4
143,Darbie,Giacopelo,dgiacopelo3y@ucla.edu,Female,101.210.91.194
144,Rickie,Cleaves,rcleaves3z@omniture.com,Female,210.70.119.196
145,Linda,Lindeman,llindeman40@mac.com,Female,124.66.116.68
146,Agneta,Luquet,aluquet41@qq.com,Female,42.106.111.89
147,Ring,Bearblock,rbearblock42@bing.com,Male,247.147.237.168
148,Derby,Kirkbright,dkirkbright43@google.com.hk,Male,83.230.194.136
149,Darrin,Cereceres,dcereceres44@vimeo.com,Male,69.140.133.120
150,Marietta,Jeandon,mjeandon45@marriott.com,Agender,10.206.57.23
151,Lance,Rubinchik,lrubinchik46@wufoo.com,Male,185.131.139.91
152,Bartholomeo,Maylour,bmaylour47@dell.com,Male,172.163.55.13
153,Sib,Kuller,skuller48@jalbum.net,Female,99.117.81.104
154,Jelene,Pepon,jpepon49@slashdot.org,Female,142.84.91.245
155,Kristal,Reppaport,kreppaport4a@ucsd.edu,Female,45.50.212.250
156,Clive,Cowen,ccowen4b@dropbox.com,Genderqueer,193.2.185.72
157,Galina,Wanklin,gwanklin4c@elpais.com,Female,185.81.52.228
158,Spenser,Bladon,sbladon4d@google.ca,Male,45.104.255.216
159,Camila,Billett,cbillett4e@bizjournals.com,Female,93.180.248.43
160,Betteann,Capenor,bcapenor4f@ebay.com,Female,165.169.22.155
161,Nadine,Scanes,nscanes4g@pcworld.com,Female,200.157.2.109
162,Jae,Blatherwick,jblatherwick4h@stumbleupon.com,Male,84.3.224.127
163,Alaine,Dobbinson,adobbinson4i@t.co,Female,9.145.119.166
164,Henderson,Rickarsey,hrickarsey4j@abc.net.au,Male,131.205.229.64
165,Filberto,Ianni,fianni4k@about.com,Male,218.231.197.2
166,Robby,Adan,radan4l@sitemeter.com,Male,53.216.96.242
167,Myrtia,Mullan,mmullan4m@wikipedia.org,Genderfluid,155.200.104.178
168,Vin,Bratty,vbratty4n@geocities.com,Male,141.171.35.225
169,Donielle,Zmitrovich,dzmitrovich4o@yale.edu,Female,106.189.36.2
170,Fredia,Malins,fmalins4p@youtu.be,Female,223.142.65.92
171,Thain,Madrell,tmadrell4q@cdbaby.com,Male,73.31.66.191
172,Marielle,Sibyllina,msibyllina4r@icio.us,Female,4.77.76.15
173,Chad,Grzelczyk,cgrzelczyk4s@istockphoto.com,Male,209.38.235.134
174,Rodina,Aldren,raldren4t@reference.com,Female,235.152.72.204
175,Minne,Archbell,marchbell4u@irs.gov,Bigender,68.106.135.45
176,Delinda,O'Meara,domeara4v@sfgate.com,Female,157.78.9.0
177,Teodoro,Battye,tbattye4w@moonfruit.com,Male,133.155.57.37
178,Lisetta,Sarfass,lsarfass4x@livejournal.com,Female,177.199.4.70
179,Erica,Gwyn,egwyn4y@webeden.co.uk,Female,19.145.37.182
180,Gris,Pexton,gpexton4z@hubpages.com,Male,28.168.115.38
181,Loralee,Dartnall,ldartnall50@ycombinator.com,Female,138.56.161.101
182,Donn,Farington,dfarington51@ocn.ne.jp,Male,78.84.122.58
183,Alexis,Cardew,acardew52@who.int,Female,95.21.42.178
184,Abraham,Nare,anare53@chronoengine.com,Male,48.88.107.28
185,Kalil,Haslen,khaslen54@nifty.com,Male,143.96.48.175
186,Davidson,O'Longain,dolongain55@godaddy.com,Male,51.185.159.83
187,Patin,Arrow,parrow56@altervista.org,Male,123.125.85.60
188,Sydelle,Gogarty,sgogarty57@ovh.net,Female,108.78.118.125
189,Marlyn,Macy,mmacy58@bloglovin.com,Female,212.86.252.118
190,Nat,Kehri,nkehri59@t.co,Male,174.71.215.167
191,Rancell,Vynehall,rvynehall5a@ucla.edu,Male,160.225.222.81
192,Prentiss,Moring,pmoring5b@clickbank.net,Male,136.76.104.67
193,Lira,Ugo,lugo5c@usgs.gov,Female,214.5.40.116
194,Carolyne,McCahey,cmccahey5d@xrea.com,Female,160.7.106.186
195,Devlen,Tracey,dtracey5e@naver.com,Male,215.215.54.153
196,Lorianne,Bonfield,lbonfield5f@ask.com,Female,87.208.38.73
197,Mickie,Da Costa,mdacosta5g@quantcast.com,Female,136.101.78.145
198,Roderic,McKea,rmckea5h@illinois.edu,Male,56.16.65.122
199,Carter,Joannet,cjoannet5i@unesco.org,Male,227.78.195.104
200,Fidela,Tribble,ftribble5j@tumblr.com,Female,215.118.224.171
201,Roscoe,Killwick,rkillwick5k@addtoany.com,Male,47.29.92.244
202,Zebulen,Waiting,zwaiting5l@free.fr,Male,51.23.98.116
203,Octavia,Fanti,ofanti5m@fc2.com,Female,179.209.207.214
204,Alessandra,Hakes,ahakes5n@bizjournals.com,Female,119.170.62.229
205,Kylynn,Streeter,kstreeter5o@wordpress.com,Female,30.2.190.252
206,Quent,Rehor,qrehor5p@github.io,Male,191.226.170.150
207,Morey,Wolvey,mwolvey5q@multiply.com,Male,253.125.29.100
208,Marin,Abeau,mabeau5r@myspace.com,Genderqueer,232.101.72.113
209,Caryl,McAtamney,cmcatamney5s@nbcnews.com,Male,249.153.220.38
210,Townsend,Keyte,tkeyte5t@imgur.com,Male,247.147.122.193
211,Aloysia,Basill,abasill5u@smh.com.au,Female,20.22.198.208
212,Son,Rabbatts,srabbatts5v@skyrock.com,Male,237.203.103.135
213,Arlinda,Pessler,apessler5w@disqus.com,Female,192.145.44.72
214,Maggie,Orhrt,morhrt5x@eventbrite.com,Female,34.49.248.251
215,Rosabella,Camis,rcamis5y@cbsnews.com,Female,156.52.41.240
216,Spencer,Inkpen,sinkpen5z@umn.edu,Male,226.131.50.145
217,Reube,Dreghorn,rdreghorn60@digg.com,Male,80.240.226.129
218,Cristiano,Egle,cegle61@kickstarter.com,Male,178.77.125.99
219,Imojean,Spittall,ispittall62@ibm.com,Female,7.73.131.208
220,Horatius,Blyth,hblyth63@yellowbook.com,Male,223.242.204.29
221,Marlon,Klimaszewski,mklimaszewski64@delicious.com,Male,65.105.214.250
222,Ebba,Font,efont65@4shared.com,Non-binary,162.43.169.10
223,Urson,Arnefield,uarnefield66@1688.com,Male,179.159.245.16
224,Diane-marie,Ivashintsov,divashintsov67@geocities.jp,Female,176.47.248.220
225,Lyman,Tofful,ltofful68@yahoo.co.jp,Male,154.132.64.195
226,Gare,Giacobazzi,ggiacobazzi69@shareasale.com,Male,47.9.255.125
227,Bethina,Bartolic,bbartolic6a@chron.com,Female,166.201.204.189
228,Lilly,Lympany,llympany6b@ocn.ne.jp,Female,181.11.115.62
229,Teresa,Jacquemet,tjacquemet6c@hc360.com,Female,142.60.102.62
230,Osborn,Lukasen,olukasen6d@technorati.com,Male,118.192.171.152
231,Avrit,Apthorpe,aapthorpe6e@webeden.co.uk,Female,169.118.215.28
232,Dorothee,Geeson,dgeeson6f@godaddy.com,Female,8.219.145.146
233,Rudie,Larchiere,rlarchiere6g@imgur.com,Male,212.29.91.166
234,Sheila-kathryn,Errowe,serrowe6h@livejournal.com,Female,154.14.161.189
235,Gerek,Simondson,gsimondson6i@engadget.com,Male,30.254.52.194
236,Westbrooke,Voules,wvoules6j@usa.gov,Male,44.168.38.90
237,Tess,Mathivon,tmathivon6k@indiegogo.com,Female,40.172.225.112
238,Edouard,Lusty,elusty6l@reference.com,Male,170.77.249.156
239,Art,Orhtmann,aorhtmann6m@china.com.cn,Male,41.65.117.133
240,Leila,McCart,lmccart6n@java.com,Female,233.170.108.30
241,Inna,Gautrey,igautrey6o@cmu.edu,Female,227.166.83.156
242,Walton,Aris,waris6p@chicagotribune.com,Male,78.48.18.32
243,Lonnie,Suthworth,lsuthworth6q@dagondesign.com,Female,183.39.241.196
244,Angelique,Cops,acops6r@nymag.com,Female,171.243.95.247
245,Moishe,Geraldo,mgeraldo6s@unesco.org,Male,114.232.138.176
246,Chiarra,Iacopetti,ciacopetti6t@ocn.ne.jp,Female,143.80.149.103
247,Eldredge,Mobberley,emobberley6u@uol.com.br,Male,79.228.93.72
248,Bertrando,Slarke,bslarke6v@nationalgeographic.com,Male,238.33.7.214
249,Rena,Weld,rweld6w@tripod.com,Female,149.153.5.33
250,Cookie,Bysouth,cbysouth6x@taobao.com,Female,195.93.241.132
251,Shae,Folks,sfolks6y@nbcnews.com,Female,214.163.219.82
252,Vidovic,Kits,vkits6z@walmart.com,Male,137.154.34.76
253,Helen-elizabeth,Breckenridge,hbreckenridge70@wikia.com,Female,129.235.50.161
254,Charmain,Kirsche,ckirsche71@goodreads.com,Female,189.86.225.42
255,Amalea,Nicklen,anicklen72@boston.com,Female,200.135.238.20
256,Van,Schott,vschott73@washington.edu,Male,131.5.211.233
257,Pavia,Upson,pupson74@plala.or.jp,Female,225.60.84.131
258,Georgie,Tomasi,gtomasi75@tiny.cc,Male,3.215.113.54
259,Karlik,Blunsen,kblunsen76@npr.org,Male,138.232.8.218
260,Gerrilee,Gladeche,ggladeche77@jimdo.com,Female,218.136.230.119
261,Kerry,Deakes,kdeakes78@pbs.org,Female,134.143.171.242
262,Aloisia,Broggini,abroggini79@ucoz.ru,Female,75.29.134.237
263,June,Cowlas,jcowlas7a@sina.com.cn,Female,142.110.174.20
264,Amabelle,Fairbridge,afairbridge7b@forbes.com,Female,238.222.97.241
265,Alon,Fippe,afippe7c@reuters.com,Male,202.30.175.149
266,Nanny,Simunek,nsimunek7d@usnews.com,Female,166.225.119.231
267,Sancho,Bidgod,sbidgod7e@ihg.com,Male,251.67.229.132
268,Archie,Dulling,adulling7f@oaic.gov.au,Male,158.90.90.159
269,Ricoriki,Bather,rbather7g@pinterest.com,Male,201.130.4.175
270,Donny,Noke,dnoke7h@sakura.ne.jp,Female,156.47.41.113
271,Karlis,Lorenzetti,klorenzetti7i@wunderground.com,Male,83.223.97.238
272,Charisse,Bynert,cbynert7j@sohu.com,Female,186.208.198.104
273,Melicent,Stracey,mstracey7k@jugem.jp,Female,144.122.121.98
274,Elana,MacCrosson,emaccrosson7l@simplemachines.org,Female,58.33.112.145
275,Moira,Overall,moverall7m@utexas.edu,Genderqueer,119.184.140.201
276,Elsbeth,Bunson,ebunson7n@arstechnica.com,Female,52.250.25.194
277,Ruthe,Coathup,rcoathup7o@psu.edu,Female,14.32.38.113
278,Karlik,Duncanson,kduncanson7p@mysql.com,Male,32.11.88.114
279,Carrie,Bird,cbird7q@state.gov,Female,113.7.198.178
280,Ferne,Pinnere,fpinnere7r@walmart.com,Female,226.115.101.227
281,Brooks,Cast,bcast7s@walmart.com,Female,214.151.47.79
282,Ingeborg,Syversen,isyversen7t@bigcartel.com,Non-binary,34.204.27.63
283,Rea,Schoular,rschoular7u@lulu.com,Female,207.202.88.110
284,Faina,Bonelle,fbonelle7v@netlog.com,Female,76.28.163.51
285,Cece,Danielli,cdanielli7w@sbwire.com,Male,67.49.115.111
286,Herby,Kroon,hkroon7x@goodreads.com,Male,200.31.29.13
287,Edwin,Matthews,ematthews7y@google.fr,Non-binary,232.205.112.80
288,Yancy,McMakin,ymcmakin7z@constantcontact.com,Male,22.96.27.162
289,Shayla,Bruyett,sbruyett80@nytimes.com,Female,44.69.205.224
290,Izzy,Leyre,ileyre81@netlog.com,Male,191.107.81.146
291,Sherm,Fouch,sfouch82@comsenz.com,Polygender,209.182.106.203
292,Dotti,Skydall,dskydall83@parallels.com,Female,245.231.220.33
293,Kiersten,Daggett,kdaggett84@state.gov,Female,109.168.111.226
294,Reilly,Bruford,rbruford85@ezinearticles.com,Male,57.108.203.82
295,Marcelle,Rzehorz,mrzehorz86@twitter.com,Female,196.34.138.110
296,Thom,Plaunch,tplaunch87@go.com,Male,42.122.137.55
297,Alley,Brizell,abrizell88@npr.org,Male,95.190.42.240
298,Elysee,Smithers,esmithers89@jugem.jp,Female,159.245.150.122
299,Sheridan,Ormston,sormston8a@walmart.com,Male,205.92.222.114
300,Killian,Woolford,kwoolford8b@istockphoto.com,Male,6.61.64.30
